source_id,ref_epoch,ra,dec,ra_error,dec_error,ra_dec_corr,parallax,parallax_error,pmra,pmra_error,pmdec,pmdec_error,phot_g_mean_mag,phot_bp_mean_mag,phot_rp_mean_mag,bp_rp,radial_velocity,radial_velocity_error,has_epoch_rv,ipd_frac_multi_peak,ipd_gof_harmonic_amplitude,astrometric_chi2_al,astrometric_n_good_obs_al,ruwe,duplicated_source,mass
66507469798632320,2016.0,57.489468160076925,23.84688194166913,0.2451199,0.1352415,0.25551307,7.6427806651503,0.24566285,21.53078682284725,0.28000283,-43.56503607173168,0.17623553,10.234675,10.564196,9.657333,0.90686226,0.9341931,2.455118,False,32,0.06816088,113247.76,360,11.595963,False,1.067
65207709611941376,2016.0,56.85182143112869,23.9144778917631,0.030519485,0.022986645,0.076219715,7.220987406121659,0.03438313,20.049108040161617,0.041598886,-44.13258985442616,0.02927154,7.286501,7.291563,7.249264,0.04229927,-1.8567859,2.4416814,False,0,0.04839617,1290.353,226,1.0006701,True,2.6
