source_id,ref_epoch,ra,dec,ra_error,dec_error,ra_dec_corr,parallax,parallax_error,pmra,pmra_error,pmdec,pmdec_error,phot_g_mean_mag,phot_bp_mean_mag,phot_rp_mean_mag,bp_rp,radial_velocity,radial_velocity_error,has_epoch_rv,ipd_frac_multi_peak,ipd_gof_harmonic_amplitude,astrometric_chi2_al,astrometric_n_good_obs_al,ruwe,duplicated_source,mass
66507469798631936,2016.0,57.491183690526064,23.847947494502325,0.033702802,0.018977262,0.15422039,7.361154060952656,0.033577144,21.026665618554475,0.0386648,-48.1328432589328,0.0253434,10.005213,,,,4.707757,0.5338991,False,2,0.20083673,1210.5688,292,1.1162924,True,5.001
65207709613871744,2016.0,56.849928429173104,23.914271006001808,0.04690037,0.03655609,0.10493942,7.185575669070407,0.053416234,19.60591854512209,0.060044825,-46.32969547460584,0.0443024,9.739319,10.072752,9.239894,0.8328581,5.368229,0.5776826,False,0,0.07744167,5667.2197,245,3.3770366,False,1.163
